countyname,canonical,n,median_floor_area_m2,pct_masonry,pct_pre1945
Co. Carlow,Apartment,1546,68.38,55.04527813712807,12.871927554980594
Co. Carlow,Bungalow,2542,117.395,75.21636506687648,16.168371361132966
Co. Carlow,Detached,4456,174.95,74.12477558348294,14.85637342908438
Co. Carlow,Semi-Detached,5549,102.2,62.53378987204902,5.58659217877095
Co. Carlow,Terrace,3307,86.09,62.01995766555791,14.454188085878439
Co. Cavan,Apartment,1682,65.885,52.437574316290124,17.00356718192628
Co. Cavan,Bungalow,3346,113.38,78.03347280334728,14.554692169754931
Co. Cavan,Detached,7336,188.31,71.68756815703381,13.672300981461285
Co. Cavan,Semi-Detached,4953,102.8,67.53482737734706,3.7149202503533214
Co. Cavan,Terrace,2339,87.2,65.71184266780675,16.631038905515176
Co. Clare,Apartment,3224,70.08,65.32258064516128,8.188585607940446
Co. Clare,Bungalow,5410,116.185,84.84288354898337,21.866913123844732
Co. Clare,Detached,11326,181.53,81.29083524633587,13.208546706692568
Co. Clare,Semi-Detached,7806,106.935,72.49551626953625,4.765564950038432
Co. Clare,Terrace,5243,86.98,75.43391188251002,13.370207896242608
Co. Cork,Apartment,16454,68.2,54.442688707912964,14.877841254406224
Co. Cork,Bungalow,16834,119.1,76.82071997148627,11.993584412498514
Co. Cork,Detached,36447,178.99,72.01690125387549,17.15641890964963
Co. Cork,Semi-Detached,36066,108.22,61.06305107303277,6.640603338324183
Co. Cork,Terrace,29961,88.41,65.54854644371015,21.92850705917693
Co. Donegal,Apartment,3947,65.49,70.91461869774513,8.538130225487713
Co. Donegal,Bungalow,9104,105.24000000000001,89.37829525483303,15.048330404217927
Co. Donegal,Detached,15596,182.38,86.25288535521929,10.220569376763272
Co. Donegal,Semi-Detached,9667,101.6,84.63846074273302,5.554980862728871
Co. Donegal,Terrace,4191,85.4,85.32569792412312,20.85421140539251
Co. Dublin,Apartment,30913,75.2,38.01313363309934,3.147543104842623
Co. Dublin,Bungalow,3272,120.38499999999999,55.53178484107579,16.931540342298288
Co. Dublin,Detached,14544,178.20999999999998,51.966446644664465,8.353960396039604
Co. Dublin,Semi-Detached,34860,117.24,51.25071715433162,6.210556511761331
Co. Dublin,Terrace,28449,100.94,48.356708495904954,7.856163661288622
Co. Galway,Apartment,5275,70.47,72.47393364928911,6.99526066350711
Co. Galway,Bungalow,11130,117.46000000000001,84.57322551662175,12.83917340521114
Co. Galway,Detached,20539,192.38,82.10721067237937,12.13788402551244
Co. Galway,Semi-Detached,10007,109.42,78.54501848705905,4.926551414010192
Co. Galway,Terrace,4863,92.56,72.074850915073,12.646514497223935
Co. Kerry,Apartment,3917,71.77,66.17309165177431,10.211896859841715
Co. Kerry,Bungalow,9460,117.185,85.78224101479915,9.619450317124736
Co. Kerry,Detached,14253,179.9,83.06321476180453,14.628499263312985
Co. Kerry,Semi-Detached,9567,102.75,81.78112260896833,4.463259119891292
Co. Kerry,Terrace,5321,90.78,78.91373801916933,20.823153542567184
Co. Kildare,Apartment,10251,71.0,37.596332065164376,2.994829772705102
Co. Kildare,Bungalow,6832,130.76,62.163348946135834,11.958430913348945
Co. Kildare,Detached,12442,179.95,53.73734126346247,5.561806783475325
Co. Kildare,Semi-Detached,26736,113.48,47.83438061041292,2.5508677438659486
Co. Kildare,Terrace,11531,96.93,47.15115774867748,5.19469256786055
Co. Kilkenny,Apartment,2291,72.74,55.69620253164557,10.999563509384549
Co. Kilkenny,Bungalow,3719,121.06,78.4081742403872,13.68647485883302
Co. Kilkenny,Detached,7063,193.17,72.05153617443013,16.735098400113266
Co. Kilkenny,Semi-Detached,5489,101.58,60.95828019675715,6.3035161231554016
Co. Kilkenny,Terrace,4548,89.88,62.598944591029024,19.217238346525946
Co. Laois,Apartment,2029,72.17,39.47757516017742,9.857072449482503
Co. Laois,Bungalow,3684,119.315,77.0629750271444,15.119435396308361
Co. Laois,Detached,5539,174.54,74.21917313594511,12.854305831377506
Co. Laois,Semi-Detached,8002,103.82,58.77280679830042,5.236190952261934
Co. Laois,Terrace,3183,90.99,57.587181903864284,13.446434181589694
Co. Leitrim,Apartment,948,75.195,62.552742616033754,9.177215189873419
Co. Leitrim,Bungalow,2584,107.57,80.88235294117648,21.904024767801857
Co. Leitrim,Detached,3705,165.0,78.51551956815115,20.29689608636977
Co. Leitrim,Semi-Detached,2083,104.47,78.25252040326453,4.896783485357657
Co. Leitrim,Terrace,1114,93.93,64.27289048473968,19.03052064631957
Co. Limerick,Apartment,3254,70.545,54.67117393976644,8.758451137062078
Co. Limerick,Bungalow,6222,119.35499999999999,87.0781099324976,15.300546448087433
Co. Limerick,Detached,8862,188.905,83.13021891220943,17.953058000451367
Co. Limerick,Semi-Detached,8259,106.52,73.28974452112847,4.613149291681801
Co. Limerick,Terrace,5048,89.545,73.23692551505546,18.42313787638669
Co. Longford,Apartment,1014,64.745,57.29783037475345,8.678500986193294
Co. Longford,Bungalow,2634,111.47999999999999,79.42293090356871,19.627942293090356
Co. Longford,Detached,3340,175.4075,77.90419161676647,14.550898203592814
Co. Longford,Semi-Detached,2954,98.71000000000001,62.93161814488829,3.3852403520649963
Co. Longford,Terrace,2164,85.0,48.336414048059154,7.902033271719039
Co. Louth,Apartment,5096,71.56,47.42935635792779,8.084772370486656
Co. Louth,Bungalow,3798,123.22,76.69826224328594,14.84992101105845
Co. Louth,Detached,8404,185.845,71.27558305568776,9.126606377915278
Co. Louth,Semi-Detached,12386,107.565,60.342321976425,5.619247537542386
Co. Louth,Terrace,11257,86.16,62.8675490805721,17.997690326019367
Co. Mayo,Apartment,3071,68.59,64.63692608270921,11.85281667209378
Co. Mayo,Bungalow,10815,112.7,81.11881645862229,23.319463707813224
Co. Mayo,Detached,11489,188.06,81.26903995125772,11.56758638697885
Co. Mayo,Semi-Detached,7532,103.99,85.72756240042484,4.713223579394583
Co. Mayo,Terrace,4114,85.59,81.72095284394749,23.91832766164317
Co. Meath,Apartment,7002,75.0,39.702942016566695,3.0991145387032275
Co. Meath,Bungalow,6767,123.14,68.84882518102556,17.777449386729717
Co. Meath,Detached,14141,186.46,62.14553426207482,8.436461353511067
Co. Meath,Semi-Detached,19675,115.0,56.487928843710286,2.0889453621346887
Co. Meath,Terrace,9868,100.42,49.777057154438594,4.52979327117957
Co. Monaghan,Apartment,1015,63.3,58.7192118226601,24.334975369458128
Co. Monaghan,Bungalow,2136,121.195,79.54119850187266,14.04494382022472
Co. Monaghan,Detached,4563,202.02,72.07977207977207,16.370808678500985
Co. Monaghan,Semi-Detached,3370,99.96,69.85163204747774,4.807121661721069
Co. Monaghan,Terrace,2423,85.66,71.19273627734214,24.30870821295914
Co. Offaly,Apartment,1390,64.19,55.827338129496404,18.77697841726619
Co. Offaly,Bungalow,4339,122.06,80.5946070523162,15.602673427056926
Co. Offaly,Detached,4505,195.57,76.75915649278579,12.608213096559378
Co. Offaly,Semi-Detached,6071,98.87,66.23291055839235,9.751276560698402
Co. Offaly,Terrace,2876,88.635,64.01251738525731,18.636995827538247
Co. Roscommon,Apartment,993,71.42,68.58006042296071,14.70292044310171
Co. Roscommon,Bungalow,5202,113.47999999999999,82.0645905420992,21.972318339100347
Co. Roscommon,Detached,5487,179.26,80.95498450883908,19.35483870967742
Co. Roscommon,Semi-Detached,3879,102.73,80.5877803557618,5.104408352668213
Co. Roscommon,Terrace,1318,94.22,78.30045523520485,23.975720789074355
Co. Sligo,Apartment,2917,70.95,57.216318135070274,5.210833047651697
Co. Sligo,Bungalow,3869,113.81,78.444042388214,24.890152494184544
Co. Sligo,Detached,5425,182.23,75.02304147465438,13.714285714285715
Co. Sligo,Semi-Detached,5483,103.1,73.95586357833302,6.60222505927412
Co. Sligo,Terrace,3063,84.68,62.81423441070846,24.224616389160953
Co. Tipperary,Apartment,2458,59.65,66.27339300244101,26.403580146460538
Co. Tipperary,Bungalow,8786,118.37,84.39562941042567,16.5832005463237
Co. Tipperary,Detached,12404,179.23,80.9577555627217,21.557562076749438
Co. Tipperary,Semi-Detached,10972,95.76,74.0885891359825,8.384979948960991
Co. Tipperary,Terrace,7818,83.4,74.82732156561781,27.64134049629061
Co. Waterford,Apartment,1521,64.42,57.59368836291914,22.287968441814595
Co. Waterford,Bungalow,4265,124.36,78.05392731535757,17.491207502930834
Co. Waterford,Detached,5008,193.305,76.1182108626198,13.498402555910543
Co. Waterford,Semi-Detached,6204,103.685,69.27788523533205,4.513217279174726
Co. Waterford,Terrace,3537,83.34,72.54735651682218,33.33333333333333
Co. Westmeath,Apartment,3805,67.78,45.36136662286465,6.701708278580814
Co. Westmeath,Bungalow,4584,118.86,73.49476439790575,15.270506108202445
Co. Westmeath,Detached,5935,187.47,70.80033698399326,15.922493681550126
Co. Westmeath,Semi-Detached,7575,110.37,62.2970297029703,5.636963696369636
Co. Westmeath,Terrace,3544,88.61,57.872460496613996,17.494356659142213
Co. Wexford,Apartment,3907,69.37,54.74788840542616,13.872536472997185
Co. Wexford,Bungalow,8373,121.1,74.99104263704766,6.819538994386718
Co. Wexford,Detached,15944,173.39499999999998,73.8020572002007,13.246362267937783
Co. Wexford,Semi-Detached,10945,100.62,67.54682503426223,4.458656920968479
Co. Wexford,Terrace,7832,86.527,63.44484167517875,22.165474974463738
Co. Wicklow,Apartment,6585,75.6,40.242976461655275,8.200455580865604
Co. Wicklow,Bungalow,5570,122.0,55.493716337522436,15.637342908438063
Co. Wicklow,Detached,9938,180.145,53.80358220970014,13.403099215133828
Co. Wicklow,Semi-Detached,14306,109.88,48.81867747798127,7.940724171676219
Co. Wicklow,Terrace,9517,90.4,46.979090049385306,13.31301880844804
Cork City,Apartment,4430,63.365,59.39051918735891,17.291196388261852
Cork City,Bungalow,532,99.525,86.09022556390977,12.781954887218044
Cork City,Detached,1618,158.75,79.41903584672436,16.31644004944376
Cork City,Semi-Detached,4938,104.63499999999999,79.24260834345888,11.401377075739164
Cork City,Terrace,8544,81.32499999999999,81.12125468164794,26.521535580524347
Dublin 1,Apartment,10243,55.2,33.681538611734844,13.443327150248951
Dublin 1,Bungalow,5,21.56,60.0,40.0
Dublin 1,Detached,21,76.36,80.95238095238095,42.857142857142854
Dublin 1,Semi-Detached,71,82.58,77.46478873239437,25.352112676056336
Dublin 1,Terrace,1128,84.725,73.67021276595744,41.57801418439716
Dublin 10,Apartment,1538,67.345,17.035110533159948,0.7152145643693107
Dublin 10,Bungalow,29,71.34,93.10344827586206,3.4482758620689653
Dublin 10,Detached,48,94.035,66.66666666666666,16.666666666666664
Dublin 10,Semi-Detached,440,84.0,69.77272727272728,13.40909090909091
Dublin 10,Terrace,4407,78.81,66.39437258906285,17.835262083049695
Dublin 11,Apartment,6425,67.4,40.45136186770428,0.9649805447470816
Dublin 11,Bungalow,138,80.7,74.63768115942028,13.043478260869565
Dublin 11,Detached,344,106.64500000000001,67.15116279069767,5.813953488372093
Dublin 11,Semi-Detached,2834,106.92500000000001,48.62385321100918,6.069160197600565
Dublin 11,Terrace,7777,85.12,58.891603446058895,4.384724186704385
Dublin 12,Apartment,4124,64.68,31.110572259941804,3.1280310378273524
Dublin 12,Bungalow,103,92.21,48.54368932038835,26.21359223300971
Dublin 12,Detached,330,118.85,57.878787878787875,24.242424242424242
Dublin 12,Semi-Detached,2730,100.81,45.494505494505496,28.93772893772894
Dublin 12,Terrace,9257,81.81,49.249216808901366,35.57307983147888
Dublin 13,Apartment,5231,77.021,26.99292678264194,0.3823360734085261
Dublin 13,Bungalow,216,131.57,53.70370370370371,16.666666666666664
Dublin 13,Detached,1159,175.99,59.01639344262295,13.114754098360656
Dublin 13,Semi-Detached,3235,112.2,48.871715610510044,4.358578052550232
Dublin 13,Terrace,3398,103.7,55.179517363154794,4.355503237198352
Dublin 14,Apartment,3775,74.24,31.788079470198678,1.5099337748344372
Dublin 14,Bungalow,235,115.41,48.51063829787234,31.48936170212766
Dublin 14,Detached,1846,177.48000000000002,49.78331527627302,11.43011917659805
Dublin 14,Semi-Detached,4915,131.13,42.66531027466938,11.719226856561546
Dublin 14,Terrace,2748,89.655,51.382823871906844,12.77292576419214
Dublin 15,Apartment,9756,76.005,34.60434604346043,0.07175071750717507
Dublin 15,Bungalow,208,85.67,63.46153846153846,14.423076923076922
Dublin 15,Detached,2610,157.625,49.770114942528735,1.6858237547892718
Dublin 15,Semi-Detached,11847,112.9,49.5484088798852,0.5486621085506879
Dublin 15,Terrace,8570,93.86,49.696616102683784,0.3733955659276546
Dublin 16,Apartment,3138,73.985,26.131293817718294,0.41427660930529
Dublin 16,Bungalow,161,117.0,56.52173913043478,7.453416149068323
Dublin 16,Detached,1712,152.5335,53.154205607476634,1.7523364485981308
Dublin 16,Semi-Detached,6763,119.18,44.72867070826556,1.7152151412095225
Dublin 16,Terrace,2037,97.62,53.95189003436426,1.5218458517427589
Dublin 17,Apartment,2440,72.0,39.467213114754095,0.0
Dublin 17,Bungalow,53,77.65,88.67924528301887,11.320754716981133
Dublin 17,Detached,122,108.58000000000001,59.83606557377049,4.098360655737705
Dublin 17,Semi-Detached,1105,108.99,57.647058823529406,2.262443438914027
Dublin 17,Terrace,2725,82.5,79.96330275229357,0.22018348623853212
Dublin 18,Apartment,12445,77.18,15.70912012856569,0.08035355564483729
Dublin 18,Bungalow,343,142.42,48.68804664723032,11.078717201166182
Dublin 18,Detached,2419,193.17,46.30012401818934,6.572964034725093
Dublin 18,Semi-Detached,3405,126.69,39.177679882525695,2.2026431718061676
Dublin 18,Terrace,2836,117.61,40.091678420310295,1.1988716502115657
Dublin 19,Apartment,1,140.44,100.0,0.0
Dublin 19,Detached,1,192.4,100.0,0.0
Dublin 19,Semi-Detached,1,94.0,100.0,0.0
Dublin 19,Terrace,2,80.39,100.0,0.0
Dublin 2,Apartment,6081,58.79,35.63558625226114,15.605985857589214
Dublin 2,Bungalow,2,111.675,100.0,0.0
Dublin 2,Detached,20,101.58500000000001,45.0,50.0
Dublin 2,Semi-Detached,61,110.6,36.0655737704918,22.950819672131146
Dublin 2,Terrace,496,89.11500000000001,60.483870967741936,43.75
Dublin 20,Apartment,1826,66.13,30.887185104052573,0.7667031763417306
Dublin 20,Bungalow,36,110.525,55.55555555555556,22.22222222222222
Dublin 20,Detached,131,144.4,61.832061068702295,19.84732824427481
Dublin 20,Semi-Detached,1189,106.78,53.32211942809083,3.4482758620689653
Dublin 20,Terrace,889,104.67,53.2058492688414,11.473565804274466
Dublin 21,Apartment,2,85.91,0.0,0.0
Dublin 21,Bungalow,1,76.58,100.0,0.0
Dublin 21,Semi-Detached,3,76.9,100.0,0.0
Dublin 22,Apartment,4030,72.82499999999999,26.352357320099255,0.07444168734491315
Dublin 22,Bungalow,64,93.27000000000001,57.8125,21.875
Dublin 22,Detached,284,119.095,54.5774647887324,6.690140845070422
Dublin 22,Semi-Detached,3782,94.58,46.906398730830254,1.718667371760973
Dublin 22,Terrace,6069,83.96,49.51392321634536,0.5272697314219805
Dublin 23,Semi-Detached,1,152.17,0.0,0.0
Dublin 23,Terrace,3,79.7,100.0,0.0
Dublin 24,Apartment,8543,68.81,23.73873346599555,0.0
Dublin 24,Bungalow,302,75.58500000000001,55.62913907284768,5.960264900662252
Dublin 24,Detached,828,120.89500000000001,53.62318840579711,2.2946859903381642
Dublin 24,Semi-Detached,7414,104.63,46.78985702724575,0.6339357971405449
Dublin 24,Terrace,8946,88.5,58.920187793427225,0.2906326849988822
Dublin 3,Apartment,5364,57.74,36.12975391498882,19.7800149142431
Dublin 3,Bungalow,76,108.22999999999999,52.63157894736842,46.05263157894737
Dublin 3,Detached,543,169.5,54.69613259668509,27.440147329650095
Dublin 3,Semi-Detached,1931,135.39,48.990160538581044,44.32936302433972
Dublin 3,Terrace,4315,91.26,52.7694090382387,68.76013904982618
Dublin 4,Apartment,8775,66.13,31.054131054131055,9.344729344729345
Dublin 4,Bungalow,71,86.56,56.33802816901409,15.492957746478872
Dublin 4,Detached,789,186.9,60.07604562737643,25.221799746514574
Dublin 4,Semi-Detached,1458,162.135,52.19478737997256,55.144032921810705
Dublin 4,Terrace,3524,95.445,53.34846765039728,51.22020431328036
Dublin 5,Apartment,2294,60.93,48.38709677419355,0.5231037489102005
Dublin 5,Bungalow,116,104.94,54.310344827586206,20.689655172413794
Dublin 5,Detached,571,143.48,52.53940455341506,8.581436077057793
Dublin 5,Semi-Detached,4692,113.815,45.41773231031543,6.436487638533675
Dublin 5,Terrace,5132,88.49000000000001,58.53468433359315,7.677318784099767
Dublin 6,Apartment,6222,49.77,41.43362262937962,31.854709096753453
Dublin 6,Bungalow,63,81.38,52.38095238095239,12.698412698412698
Dublin 6,Detached,570,179.29000000000002,57.01754385964912,38.24561403508772
Dublin 6,Semi-Detached,1447,158.27,56.39253628196268,60.74637180373186
Dublin 6,Terrace,3188,105.49000000000001,56.46173149309912,55.61480552070264
Dublin 6W,Apartment,1853,63.78,39.17970858067998,18.132757690232058
Dublin 6W,Bungalow,30,98.33500000000001,50.0,13.333333333333334
Dublin 6W,Detached,608,173.14999999999998,50.49342105263158,15.460526315789474
Dublin 6W,Semi-Detached,3022,130.89,44.109861019192586,19.821310390469886
Dublin 6W,Terrace,1596,99.77,50.06265664160401,45.30075187969925
Dublin 7,Apartment,7718,50.0,33.72635397771443,26.807463073335057
Dublin 7,Bungalow,32,93.67,53.125,59.375
Dublin 7,Detached,275,120.29,60.72727272727273,33.81818181818182
Dublin 7,Semi-Detached,1711,104.46,55.34774985388662,33.547632963179424
Dublin 7,Terrace,7052,80.84,60.02552467385139,59.55757231990925
Dublin 8,Apartment,13693,53.47,33.49886803476229,15.840210326444168
Dublin 8,Bungalow,20,55.75,45.0,40.0
Dublin 8,Detached,125,87.56,62.4,55.2
Dublin 8,Semi-Detached,455,90.13,52.74725274725275,59.78021978021978
Dublin 8,Terrace,5404,80.6,55.255366395262776,72.42783123612139
Dublin 9,Apartment,6729,71.42,40.88274632189032,8.203299152920195
Dublin 9,Bungalow,46,79.265,56.52173913043478,26.08695652173913
Dublin 9,Detached,447,130.34,60.62639821029083,19.910514541387027
Dublin 9,Semi-Detached,4916,107.13,48.57607811228641,19.446704637917005
Dublin 9,Terrace,4690,97.035,52.45202558635395,44.02985074626866
Galway City,Apartment,7172,69.35,68.75348577802566,2.426101505856107
Galway City,Bungalow,644,119.924,86.33540372670807,5.900621118012422
Galway City,Detached,3186,171.9725,83.89830508474576,4.23728813559322
Galway City,Semi-Detached,6644,108.84,85.0842865743528,2.6038531005418424
Galway City,Terrace,4071,92.44,77.9906656841071,14.910341439449768
Limerick City,Apartment,6150,67.5,45.51219512195122,10.991869918699187
Limerick City,Bungalow,1504,116.74000000000001,80.58510638297872,17.61968085106383
Limerick City,Detached,3384,168.025,80.7919621749409,16.991725768321515
Limerick City,Semi-Detached,7691,111.29,73.33246651930828,6.046027824730204
Limerick City,Terrace,6651,83.87,68.30551796722297,24.7481581717035
Waterford City,Apartment,3219,60.92,37.713575644610124,17.303510406958683
Waterford City,Bungalow,932,120.845,74.2489270386266,11.802575107296137
Waterford City,Detached,2044,159.625,74.60861056751467,9.148727984344422
Waterford City,Semi-Detached,5273,106.6,73.79101080978569,2.920538592831405
Waterford City,Terrace,4779,80.46,64.86712701401967,32.24523958987236
